id;login;firstname;password;profile;profile_content_type;tweeter;linkedin;facebook;description;slogan
1;e-business Lao People's Democratic Republic;Producer dedicated;Rustic Plastic;../fake-data/blob/hipster.png;image/png;index Avon disintermediate;generate Response;Customer;index South Dakota;exploit Tasty Soft Mouse Auto Loan Account
2;collaborative Rustic;Beauty;Kuwaiti Dinar Nebraska Bacon;../fake-data/blob/hipster.png;image/png;Distributed maximized;Mali;optimize Car;Administrator Borders Investor;synthesize mission-critical
3;Automated Product;Directives Tasty;Table communities;../fake-data/blob/hipster.png;image/png;Operations;Bedfordshire navigating;networks connecting;Papua New Guinea;Plastic engineer
4;Cotton Palladium Wooden;channels Seychelles Rupee;deploy multi-state;../fake-data/blob/hipster.png;image/png;orchestrate auxiliary;Tasty Granite Table;cutting-edge Gloves Garden;open-source Reactive bandwidth;Incredible Iowa
5;Ergonomic;Dynamic Executive red;Small IB;../fake-data/blob/hipster.png;image/png;infrastructures user-centric leading-edge;bricks-and-clicks Unbranded Concrete Shoes Soap;programming Handcrafted Iceland;solutions Small Plastic Car SDD;SSL Phased Manager
6;Representative;online;connect Indonesia hacking;../fake-data/blob/hipster.png;image/png;Practical invoice payment;paradigm Tactics Baby;e-markets;navigate;Solutions Mauritius Rupee
7;Plastic Wooden withdrawal;invoice matrix RAM;Brand driver;../fake-data/blob/hipster.png;image/png;deposit Reverse-engineered Saudi Riyal;Computer Cheese Dynamic;Officer;panel fuchsia;Technician copying
8;challenge connect;Savings Account;PNG;../fake-data/blob/hipster.png;image/png;payment SSL Polarised;Granite coherent;Strategist;recontextualize;generate Row mindshare
9;quantifying;client-driven;Practical;../fake-data/blob/hipster.png;image/png;fresh-thinking;initiatives;white navigating;Iceland Krona grey blue;microchip Security
10;Iowa Adaptive fault-tolerant;Extended Chief;RAM Refined Cotton Chair invoice;../fake-data/blob/hipster.png;image/png;Future;integrate Minnesota;Bhutan Handmade Cotton Fish Gardens;Rustic Investment Account system;Central
